{
    "LANDSAT_METADATA_FILE": {
        "PRODUCT_CONTENTS": {
            "ORIGIN": "Image courtesy of the U.S. Geological Survey",
            "DIGITAL_OBJECT_IDENTIFIER": "https://doi.org/10.5066/P975CC9B",
            "LANDSAT_PRODUCT_ID": "LC09_L1TP_189026_20250604_20250604_02_T1",
            "PROCESSING_LEVEL": "L1TP",
            "COLLECTION_NUMBER": "02",
            "COLLECTION_CATEGORY": "T1",
            "OUTPUT_FORMAT": "GEOTIFF",
            "FILE_NAME_BAND_1": "LC09_L1TP_189026_20250604_20250604_02_T1_B1.TIF",
            "FILE_NAME_BAND_2": "LC09_L1TP_189026_20250604_20250604_02_T1_B2.TIF",
            "FILE_NAME_BAND_3": "LC09_L1TP_189026_20250604_20250604_02_T1_B3.TIF",
            "FILE_NAME_BAND_4": "LC09_L1TP_189026_20250604_20250604_02_T1_B4.TIF",
            "FILE_NAME_BAND_5": "LC09_L1TP_189026_20250604_20250604_02_T1_B5.TIF",
            "FILE_NAME_BAND_6": "LC09_L1TP_189026_20250604_20250604_02_T1_B6.TIF",
            "FILE_NAME_BAND_7": "LC09_L1TP_189026_20250604_20250604_02_T1_B7.TIF",
            "FILE_NAME_BAND_8": "LC09_L1TP_189026_20250604_20250604_02_T1_B8.TIF",
            "FILE_NAME_BAND_9": "LC09_L1TP_189026_20250604_20250604_02_T1_B9.TIF",
            "FILE_NAME_BAND_10": "LC09_L1TP_189026_20250604_20250604_02_T1_B10.TIF",
            "FILE_NAME_BAND_11": "LC09_L1TP_189026_20250604_20250604_02_T1_B11.TIF",
            "FILE_NAME_QUALITY_L1_PIXEL": "LC09_L1TP_189026_20250604_20250604_02_T1_QA_PIXEL.TIF",
            "FILE_NAME_QUALITY_L1_RADIOMETRIC_SATURATION": "LC09_L1TP_189026_20250604_20250604_02_T1_QA_RADSAT.TIF",
            "FILE_NAME_ANGLE_COEFFICIENT": "LC09_L1TP_189026_20250604_20250604_02_T1_ANG.txt",
            "FILE_NAME_ANGLE_SENSOR_AZIMUTH_BAND_4": "LC09_L1TP_189026_20250604_20250604_02_T1_VAA.TIF",
            "FILE_NAME_ANGLE_SENSOR_ZENITH_BAND_4": "LC09_L1TP_189026_20250604_20250604_02_T1_VZA.TIF",
            "FILE_NAME_ANGLE_SOLAR_AZIMUTH_BAND_4": "LC09_L1TP_189026_20250604_20250604_02_T1_SAA.TIF",
            "FILE_NAME_ANGLE_SOLAR_ZENITH_BAND_4": "LC09_L1TP_189026_20250604_20250604_02_T1_SZA.TIF",
            "FILE_NAME_METADATA_ODL": "LC09_L1TP_189026_20250604_20250604_02_T1_MTL.txt",
            "FILE_NAME_METADATA_XML": "LC09_L1TP_189026_20250604_20250604_02_T1_MTL.xml",
            "DATA_TYPE_BAND_1": "UINT16",
            "DATA_TYPE_BAND_2": "UINT16",
            "DATA_TYPE_BAND_3": "UINT16",
            "DATA_TYPE_BAND_4": "UINT16",
            "DATA_TYPE_BAND_5": "UINT16",
            "DATA_TYPE_BAND_6": "UINT16",
            "DATA_TYPE_BAND_7": "UINT16",
            "DATA_TYPE_BAND_8": "UINT16",
            "DATA_TYPE_BAND_9": "UINT16",
            "DATA_TYPE_BAND_10": "UINT16",
            "DATA_TYPE_BAND_11": "UINT16",
            "DATA_TYPE_QUALITY_L1_PIXEL": "UINT16",
            "DATA_TYPE_QUALITY_L1_RADIOMETRIC_SATURATION": "UINT16",
            "DATA_TYPE_ANGLE_SENSOR_AZIMUTH_BAND_4": "INT16",
            "DATA_TYPE_ANGLE_SENSOR_ZENITH_BAND_4": "INT16",
            "DATA_TYPE_ANGLE_SOLAR_AZIMUTH_BAND_4": "INT16",
            "DATA_TYPE_ANGLE_SOLAR_ZENITH_BAND_4": "INT16"
        },
        "IMAGE_ATTRIBUTES": {
            "SPACECRAFT_ID": "LANDSAT_9",
            "SENSOR_ID": "OLI_TIRS",
            "WRS_TYPE": "2",
            "WRS_PATH": "189",
            "WRS_ROW": "26",
            "NADIR_OFFNADIR": "NADIR",
            "TARGET_WRS_PATH": "189",
            "TARGET_WRS_ROW": "26",
            "DATE_ACQUIRED": "2025-06-04",
            "SCENE_CENTER_TIME": "09:38:26.7396010Z",
            "STATION_ID": "LGN",
            "CLOUD_COVER": "5.04",
            "CLOUD_COVER_LAND": "5.04",
            "IMAGE_QUALITY_OLI": "9",
            "IMAGE_QUALITY_TIRS": "9",
            "SATURATION_BAND_1": "Y",
            "SATURATION_BAND_2": "Y",
            "SATURATION_BAND_3": "Y",
            "SATURATION_BAND_4": "Y",
            "SATURATION_BAND_5": "Y",
            "SATURATION_BAND_6": "Y",
            "SATURATION_BAND_7": "Y",
            "SATURATION_BAND_8": "N",
            "SATURATION_BAND_9": "N",
            "ROLL_ANGLE": "-0.001",
            "SUN_AZIMUTH": "146.57060017",
            "SUN_ELEVATION": "60.31099438",
            "EARTH_SUN_DISTANCE": "1.0144467"
        },
        "PROJECTION_ATTRIBUTES": {
            "MAP_PROJECTION": "UTM",
            "DATUM": "WGS84",
            "ELLIPSOID": "WGS84",
            "UTM_ZONE": "33",
            "GRID_CELL_SIZE_PANCHROMATIC": "15.00",
            "GRID_CELL_SIZE_REFLECTIVE": "30.00",
            "GRID_CELL_SIZE_THERMAL": "30.00",
            "PANCHROMATIC_LINES": "15601",
            "PANCHROMATIC_SAMPLES": "15401",
            "REFLECTIVE_LINES": "7801",
            "REFLECTIVE_SAMPLES": "7701",
            "THERMAL_LINES": "7801",
            "THERMAL_SAMPLES": "7701",
            "ORIENTATION": "NORTH_UP",
            "CORNER_UL_LAT_PRODUCT": "49.94166",
            "CORNER_UL_LON_PRODUCT": "16.25570",
            "CORNER_UR_LAT_PRODUCT": "49.86228",
            "CORNER_UR_LON_PRODUCT": "19.46845",
            "CORNER_LL_LAT_PRODUCT": "47.83713",
            "CORNER_LL_LON_PRODUCT": "16.20407",
            "CORNER_LR_LAT_PRODUCT": "47.76338",
            "CORNER_LR_LON_PRODUCT": "19.28537",
            "CORNER_UL_PROJECTION_X_PRODUCT": "590100.000",
            "CORNER_UL_PROJECTION_Y_PRODUCT": "5532900.000",
            "CORNER_UR_PROJECTION_X_PRODUCT": "821100.000",
            "CORNER_UR_PROJECTION_Y_PRODUCT": "5532900.000",
            "CORNER_LL_PROJECTION_X_PRODUCT": "590100.000",
            "CORNER_LL_PROJECTION_Y_PRODUCT": "5298900.000",
            "CORNER_LR_PROJECTION_X_PRODUCT": "821100.000",
            "CORNER_LR_PROJECTION_Y_PRODUCT": "5298900.000"
        },
        "LEVEL1_PROCESSING_RECORD": {
            "ORIGIN": "Image courtesy of the U.S. Geological Survey",
            "DIGITAL_OBJECT_IDENTIFIER": "https://doi.org/10.5066/P975CC9B",
            "REQUEST_ID": "2040679_00016",
            "LANDSAT_SCENE_ID": "LC91890262025155LGN00",
            "LANDSAT_PRODUCT_ID": "LC09_L1TP_189026_20250604_20250604_02_T1",
            "PROCESSING_LEVEL": "L1TP",
            "COLLECTION_CATEGORY": "T1",
            "OUTPUT_FORMAT": "GEOTIFF",
            "DATE_PRODUCT_GENERATED": "2025-06-04T14:22:53Z",
            "PROCESSING_SOFTWARE_VERSION": "LPGS_16.5.0",
            "FILE_NAME_BAND_1": "LC09_L1TP_189026_20250604_20250604_02_T1_B1.TIF",
            "FILE_NAME_BAND_2": "LC09_L1TP_189026_20250604_20250604_02_T1_B2.TIF",
            "FILE_NAME_BAND_3": "LC09_L1TP_189026_20250604_20250604_02_T1_B3.TIF",
            "FILE_NAME_BAND_4": "LC09_L1TP_189026_20250604_20250604_02_T1_B4.TIF",
            "FILE_NAME_BAND_5": "LC09_L1TP_189026_20250604_20250604_02_T1_B5.TIF",
            "FILE_NAME_BAND_6": "LC09_L1TP_189026_20250604_20250604_02_T1_B6.TIF",
            "FILE_NAME_BAND_7": "LC09_L1TP_189026_20250604_20250604_02_T1_B7.TIF",
            "FILE_NAME_BAND_8": "LC09_L1TP_189026_20250604_20250604_02_T1_B8.TIF",
            "FILE_NAME_BAND_9": "LC09_L1TP_189026_20250604_20250604_02_T1_B9.TIF",
            "FILE_NAME_BAND_10": "LC09_L1TP_189026_20250604_20250604_02_T1_B10.TIF",
            "FILE_NAME_BAND_11": "LC09_L1TP_189026_20250604_20250604_02_T1_B11.TIF",
            "FILE_NAME_QUALITY_L1_PIXEL": "LC09_L1TP_189026_20250604_20250604_02_T1_QA_PIXEL.TIF",
            "FILE_NAME_QUALITY_L1_RADIOMETRIC_SATURATION": "LC09_L1TP_189026_20250604_20250604_02_T1_QA_RADSAT.TIF",
            "FILE_NAME_ANGLE_COEFFICIENT": "LC09_L1TP_189026_20250604_20250604_02_T1_ANG.txt",
            "FILE_NAME_ANGLE_SENSOR_AZIMUTH_BAND_4": "LC09_L1TP_189026_20250604_20250604_02_T1_VAA.TIF",
            "FILE_NAME_ANGLE_SENSOR_ZENITH_BAND_4": "LC09_L1TP_189026_20250604_20250604_02_T1_VZA.TIF",
            "FILE_NAME_ANGLE_SOLAR_AZIMUTH_BAND_4": "LC09_L1TP_189026_20250604_20250604_02_T1_SAA.TIF",
            "FILE_NAME_ANGLE_SOLAR_ZENITH_BAND_4": "LC09_L1TP_189026_20250604_20250604_02_T1_SZA.TIF",
            "FILE_NAME_METADATA_ODL": "LC09_L1TP_189026_20250604_20250604_02_T1_MTL.txt",
            "FILE_NAME_METADATA_XML": "LC09_L1TP_189026_20250604_20250604_02_T1_MTL.xml",
            "FILE_NAME_CPF": "LC09CPF_20250401_20250630_02.02",
            "FILE_NAME_BPF_OLI": "LO9BPF20250604091555_20250604095711.01",
            "FILE_NAME_BPF_TIRS": "LT9BPF20250604091136_20250604095802.01",
            "FILE_NAME_RLUT": "LC09RLUT_20240701_20531231_02_11.h5",
            "DATA_SOURCE_ELEVATION": "GLS2000",
            "GROUND_CONTROL_POINTS_VERSION": "5",
            "GROUND_CONTROL_POINTS_MODEL": "568",
            "GEOMETRIC_RMSE_MODEL": "6.843",
            "GEOMETRIC_RMSE_MODEL_Y": "4.617",
            "GEOMETRIC_RMSE_MODEL_X": "5.051",
            "GROUND_CONTROL_POINTS_VERIFY": "142",
            "GEOMETRIC_RMSE_VERIFY": "6.520",
            "EPHEMERIS_TYPE": "SPACECRAFT"
        },
        "LEVEL1_MIN_MAX_RADIANCE": {
            "RADIANCE_MAXIMUM_BAND_1": "736.16180",
            "RADIANCE_MINIMUM_BAND_1": "-60.79248",
            "RADIANCE_MAXIMUM_BAND_2": "756.09772",
            "RADIANCE_MINIMUM_BAND_2": "-62.43880",
            "RADIANCE_MAXIMUM_BAND_3": "697.54193",
            "RADIANCE_MINIMUM_BAND_3": "-57.60324",
            "RADIANCE_MAXIMUM_BAND_4": "587.67639",
            "RADIANCE_MINIMUM_BAND_4": "-48.53051",
            "RADIANCE_MAXIMUM_BAND_5": "360.18802",
            "RADIANCE_MINIMUM_BAND_5": "-29.74445",
            "RADIANCE_MAXIMUM_BAND_6": "89.53114",
            "RADIANCE_MINIMUM_BAND_6": "-7.39351",
            "RADIANCE_MAXIMUM_BAND_7": "30.16965",
            "RADIANCE_MINIMUM_BAND_7": "-2.49142",
            "RADIANCE_MAXIMUM_BAND_8": "663.22205",
            "RADIANCE_MINIMUM_BAND_8": "-54.76909",
            "RADIANCE_MAXIMUM_BAND_9": "140.78146",
            "RADIANCE_MINIMUM_BAND_9": "-11.62578",
            "RADIANCE_MAXIMUM_BAND_10": "25.00330",
            "RADIANCE_MINIMUM_BAND_10": "0.10038",
            "RADIANCE_MAXIMUM_BAND_11": "22.97172",
            "RADIANCE_MINIMUM_BAND_11": "0.10035"
        },
        "LEVEL1_MIN_MAX_REFLECTANCE": {
            "REFLECTANCE_MAXIMUM_BAND_1": "1.210700",
            "REFLECTANCE_MINIMUM_BAND_1": "-0.099980",
            "REFLECTANCE_MAXIMUM_BAND_2": "1.210700",
            "REFLECTANCE_MINIMUM_BAND_2": "-0.099980",
            "REFLECTANCE_MAXIMUM_BAND_3": "1.210700",
            "REFLECTANCE_MINIMUM_BAND_3": "-0.099980",
            "REFLECTANCE_MAXIMUM_BAND_4": "1.210700",
            "REFLECTANCE_MINIMUM_BAND_4": "-0.099980",
            "REFLECTANCE_MAXIMUM_BAND_5": "1.210700",
            "REFLECTANCE_MINIMUM_BAND_5": "-0.099980",
            "REFLECTANCE_MAXIMUM_BAND_6": "1.210700",
            "REFLECTANCE_MINIMUM_BAND_6": "-0.099980",
            "REFLECTANCE_MAXIMUM_BAND_7": "1.210700",
            "REFLECTANCE_MINIMUM_BAND_7": "-0.099980",
            "REFLECTANCE_MAXIMUM_BAND_8": "1.210700",
            "REFLECTANCE_MINIMUM_BAND_8": "-0.099980",
            "REFLECTANCE_MAXIMUM_BAND_9": "1.210700",
            "REFLECTANCE_MINIMUM_BAND_9": "-0.099980"
        },
        "LEVEL1_MIN_MAX_PIXEL_VALUE": {
            "QUANTIZE_CAL_MAX_BAND_1": "65535",
            "QUANTIZE_CAL_MIN_BAND_1": "1",
            "QUANTIZE_CAL_MAX_BAND_2": "65535",
            "QUANTIZE_CAL_MIN_BAND_2": "1",
            "QUANTIZE_CAL_MAX_BAND_3": "65535",
            "QUANTIZE_CAL_MIN_BAND_3": "1",
            "QUANTIZE_CAL_MAX_BAND_4": "65535",
            "QUANTIZE_CAL_MIN_BAND_4": "1",
            "QUANTIZE_CAL_MAX_BAND_5": "65535",
            "QUANTIZE_CAL_MIN_BAND_5": "1",
            "QUANTIZE_CAL_MAX_BAND_6": "65535",
            "QUANTIZE_CAL_MIN_BAND_6": "1",
            "QUANTIZE_CAL_MAX_BAND_7": "65535",
            "QUANTIZE_CAL_MIN_BAND_7": "1",
            "QUANTIZE_CAL_MAX_BAND_8": "65535",
            "QUANTIZE_CAL_MIN_BAND_8": "1",
            "QUANTIZE_CAL_MAX_BAND_9": "65535",
            "QUANTIZE_CAL_MIN_BAND_9": "1",
            "QUANTIZE_CAL_MAX_BAND_10": "65535",
            "QUANTIZE_CAL_MIN_BAND_10": "1",
            "QUANTIZE_CAL_MAX_BAND_11": "65535",
            "QUANTIZE_CAL_MIN_BAND_11": "1"
        },
        "LEVEL1_RADIOMETRIC_RESCALING": {
            "RADIANCE_MULT_BAND_1": "1.2161E-02",
            "RADIANCE_MULT_BAND_2": "1.2490E-02",
            "RADIANCE_MULT_BAND_3": "1.1523E-02",
            "RADIANCE_MULT_BAND_4": "9.7080E-03",
            "RADIANCE_MULT_BAND_5": "5.9501E-03",
            "RADIANCE_MULT_BAND_6": "1.4790E-03",
            "RADIANCE_MULT_BAND_7": "4.9838E-04",
            "RADIANCE_MULT_BAND_8": "1.0956E-02",
            "RADIANCE_MULT_BAND_9": "2.3256E-03",
            "RADIANCE_MULT_BAND_10": "3.8000E-04",
            "RADIANCE_MULT_BAND_11": "3.4900E-04",
            "RADIANCE_ADD_BAND_1": "-60.80464",
            "RADIANCE_ADD_BAND_2": "-62.45129",
            "RADIANCE_ADD_BAND_3": "-57.61476",
            "RADIANCE_ADD_BAND_4": "-48.54022",
            "RADIANCE_ADD_BAND_5": "-29.75040",
            "RADIANCE_ADD_BAND_6": "-7.39499",
            "RADIANCE_ADD_BAND_7": "-2.49192",
            "RADIANCE_ADD_BAND_8": "-54.78005",
            "RADIANCE_ADD_BAND_9": "-11.62810",
            "RADIANCE_ADD_BAND_10": "0.10000",
            "RADIANCE_ADD_BAND_11": "0.10000",
            "REFLECTANCE_MULT_BAND_1": "2.0000E-05",
            "REFLECTANCE_MULT_BAND_2": "2.0000E-05",
            "REFLECTANCE_MULT_BAND_3": "2.0000E-05",
            "REFLECTANCE_MULT_BAND_4": "2.0000E-05",
            "REFLECTANCE_MULT_BAND_5": "2.0000E-05",
            "REFLECTANCE_MULT_BAND_6": "2.0000E-05",
            "REFLECTANCE_MULT_BAND_7": "2.0000E-05",
            "REFLECTANCE_MULT_BAND_8": "2.0000E-05",
            "REFLECTANCE_MULT_BAND_9": "2.0000E-05",
            "REFLECTANCE_ADD_BAND_1": "-0.100000",
            "REFLECTANCE_ADD_BAND_2": "-0.100000",
            "REFLECTANCE_ADD_BAND_3": "-0.100000",
            "REFLECTANCE_ADD_BAND_4": "-0.100000",
            "REFLECTANCE_ADD_BAND_5": "-0.100000",
            "REFLECTANCE_ADD_BAND_6": "-0.100000",
            "REFLECTANCE_ADD_BAND_7": "-0.100000",
            "REFLECTANCE_ADD_BAND_8": "-0.100000",
            "REFLECTANCE_ADD_BAND_9": "-0.100000"
        },
        "LEVEL1_THERMAL_CONSTANTS": {
            "K1_CONSTANT_BAND_10": "799.0284",
            "K2_CONSTANT_BAND_10": "1329.2405",
            "K1_CONSTANT_BAND_11": "475.6581",
            "K2_CONSTANT_BAND_11": "1198.3494"
        },
        "LEVEL1_PROJECTION_PARAMETERS": {
            "MAP_PROJECTION": "UTM",
            "DATUM": "WGS84",
            "ELLIPSOID": "WGS84",
            "UTM_ZONE": "33",
            "GRID_CELL_SIZE_PANCHROMATIC": "15.00",
            "GRID_CELL_SIZE_REFLECTIVE": "30.00",
            "GRID_CELL_SIZE_THERMAL": "30.00",
            "ORIENTATION": "NORTH_UP",
            "RESAMPLING_OPTION": "CUBIC_CONVOLUTION"
        }
    }
}